<?xml version="1.0"?>
<GalleryTemplateDescriptor xmlns:xsi="http://www.w3.org/2001/XMLSchema-instance" xmlns:xsd="http://www.w3.org/2001/XMLSchema">
    <Author>Volcano soft .NET developers</Author>
    <Company>volcano-soft.com</Company>
    <Name>Fashion</Name>
    <Icon type="LocalFile" src="FashionCover.jpg" />
    <Description>This template allows create cool and creative image galleries</Description>
    <GallerySettings>
        <ImageUploadPath>images</ImageUploadPath>
        <MaxImageSize>
            <Width>5000</Width>
            <Height>3000</Height>
        </MaxImageSize>
        <MinImageSize>
            <Width>160</Width>
            <Height>128</Height>
        </MinImageSize>
        <MinGalleryImageCount>1</MinGalleryImageCount>
        <MaxGalleryImageCount>25</MaxGalleryImageCount>
        <ImageSizes>
            <ImageSize sztype="Small" width="160" height="128" />
            <ImageSize sztype="Middle" width="1024" height="768" />
            <ImageSize sztype="Large" width="1024" height="768" />
        </ImageSizes>
        <FontFamilies>
            <FontFamily name="Adelle" isDefault="true" />
            <FontFamily name="Baskerville" />
            <FontFamily name="Brandon Grot W01 Black" />
            <FontFamily name="Duke Regular" />
            <FontFamily name="Duke Shadow" />
        </FontFamilies>
    </GallerySettings>
</GalleryTemplateDescriptor>