﻿<?xml version="1.0" encoding="utf-8" ?>
<GalleryTemplateDescriptor>
    <Name>Fashion</Name>
    <Author>Volcano-Soft</Author>
    <Company>http://www.volcano-soft.com/</Company>
    <Description>This template provides cute image slideshow in fashion manner</Description>
    <GalleryIcon>
        <GalleryIconType>Path</GalleryIconType>
        <Value>FashionCover.jpg</Value>
    </GalleryIcon>
    <Images>
        <UploadPath>\Images\</UploadPath>
    </Images>
</GalleryTemplateDescriptor>
