﻿<?xml version="1.0" encoding="utf-8" ?>
<Template>
	<Attributes>
		<ID></ID>
		<Creator></Creator>
		<Company></Company>
		<Version></Version>
		<Name>  <!--it is display name-->
			<Item culture="en-US" value="" />
			<Item culture="ru-RU" value="" />
		</Name>
		<Description>  <!--it is detailed description for desplay-->
			<Item culture="en-US" value="" />
			<Item culture="ru-RU" value="" />
		</Description>
		<Image srctype="file|url" src="image in template package or some"></Image>
	</Attributes>
	
	<Configuration>
		<Images minCount="5" maxCount="120" maxFileSize="" minImageSize="*;*" maxImageSize="1024;768" filetype="*.jpg|*.png|*.jpeg" />
		<Preview modes="slideshow|standard"></Preview>
	</Configuration>
	
	<Placeholders>
		<Placeholder name="@Title" type="text" isrequired="true" />
		<Placeholder name="@Price" type="numeric" isrequired="false" default="0.0" min="" max="" />
		<Placeholder name="@File" type="file" isrequired="true" minFileSize="" maxFileSize="" />
		<Placeholder name="@Mode" type="enum" isrequired="false" hasPredefinedValues="true"> In this case this parameter is processed with client script
			<PredefinedValues>
				<Value>
					<Name>Regular</Name> <!--See above with culture supporting-->
					<Value>1</Value>
				</Value>
				<Value>
					<Name>Slideshow</Name>
					<Value>2</Value>
				</Value>
			</PredefinedValues>
		</Placeholder>
	</Placeholders>	
</Template>
