﻿<?xml version="1.0" encoding="utf-8" ?>
<Gallery id="gallery identifier" template="template identifier">
	<Name></Name>
	<Cover></Cover>
	<Images>
		<Image>
			<ID>ImageID1</ID>
			<Text>Image text</Text>
			<FileName>image1.jpg</FileName>
			<Description></Description>
			<Order>1</Order>
			<Url>http://volcano-soft.com/image1.jpg</Url>
		</Image>
		<Image>
			<ID>ImageID2</ID>
			<Text>Image text</Text>
			<FileName>image2.jpg</FileName>
			<Description></Description>
			<Order>2</Order>
			<Url>http://volcano-soft.com/image2.jpg</Url>
		</Image>
		<Image>
			<ID>ImageID3</ID>
			<Text>Image text</Text>
			<FileName>image3.jpg</FileName>
			<Description></Description>
			<Order>3</Order>
			<Url>http://volcano-soft.com/image3.jpg</Url>
		</Image>
		<Image>
			<ID>ImageID4</ID>
			<Text>Image text</Text>
			<FileName>image4.jpg</FileName>
			<Description></Description>
			<Order>4</Order>
			<Url>http://volcano-soft.com/image4.jpg</Url>
		</Image>
	</Images>
    <Placeholders>
        <Placeholder name="@Name1" value="" />
        <Placeholder name="@Name2" value="" />
        <Placeholder name="@Name3" value="" />
    </Placeholders>
</Gallery>
